1672488	Aaron Hill						
1311105	Al Sobrante						
1766522	Alec Berlin						
1247795	Alex Shaw						
1766637	Alysha Umphress						
1766574	Andrew Call						
1135771	Andrew Linski						
1189658	Andro						
1311103	Andy Ernst						
1766645	Aspen Vincent						
1229153	Atlas/Third Rail Management-Pat Magnarella						
1060092	Barry Goldberg						
1875235	Ben Hirschfield						
1766586	Ben Thompson						
1080849	Benmont Tench						
1184612	Bernd Burgdorf						
1139233	Bill Berg-Hillinger						
1875248	Bill Butterfield						
1115875	Bill Kinsley						
1007135	Billie Joe						
1044220	Billie Joe Armstrong						
1035541	Bob Ludwig						
1115879	Bobby Schneck						
1589015	Brad Kobylczak						
1875249	Bran Symondson						
1259834	Brian "Dr. Vibb" Vibberts						
1766579	Brian Charles Johnson						
1766695	Brian Ronan						
1140703	Brian Vibberts						
1135793	Bridget Meuller						
1021918	BUTCH VIG						
1135804	Caleb Dewart						
1875246	Carl Jordan						
1766515	Carmel Dean						
1184618	Casey McKrankin						
1766584	Chase Peacock						
1136487	Chris Bilheimer						
1184622	Chris Dugan						
1680332	Chris Johnston						
1035098	Chris Lord-Alge						
1766572	Christina Sajous						
1077107	COMPANY						
1093648	DAVID MAY						
1135779	David Thorne						
1135786	Dawn Rose						
1766573	Declan Bennett						
1766565	Denny Muller						
1283477	Devin Sarno						
1079413	Didier Salaun						
1259836	Dmitar "Dim-e" Kmjaic						
1503564	Dmitar "Dim-E" Krnjaic						
1164166	Dmitar Krnjaic						
1176399	Doug McKean						
1135790	Emily Fincher						
1029943	Eric Valentine						
1766517	Erin Benim						
1135791	Evan Bernard						
1135799	Francis Lawrence						
1123442	Gary Meek						
1875238	Gavin Bond						
1766575	Gerard Canonico						
1012208	Green Day						
1259835	Greg "Stimie" Burns						
1052007	GREG BURNS						
1180068	Huckle Jerry Finn						
1481634	Ian Shea						
1034236	Jack Joseph Puig						
1875215	Jaff Matika						
1259955	Jason Freese						
1064928	Jason White						
1012207	Jerry Finn						
1065349	Jimmy Hoyson						
1018025	JOE BROWN						
1046294	Joe McGrath						
1239797	Joel Singer						
1003669	John						
1766715	John Gallagher Jr.						
1766566	John Gallagher, Jr.						
1023732	John Golden						
1015852	JOHN HARRIS						
1163969	John Van Nest						
1766577	Joshua Henry						
1766580	Joshua Kobak						
1875236	Justin Lomax						
1208453	Kathleen Hanna						
1766516	Kathy Marshall						
1135798	Keeley Gould						
1085640	Keith Armstrong						
1012204	Ken Allardyce						
1012206	Kevin Army						
1135785	Kevin Kerslake						
1282322	Kevin Lemoine						
1283476	Kim Dellara						
1590355	Koji Ito						
1875217	Kumar Butler						
1135796	Lance Bangs						
1766564	Lee Bothwick						
1766583	Leslie McDonel						
1766648	Libby Winters						
1135800	Lisa Poncino						
1135776	Liz Gazzano						
1766581	Lorin Latarro						
1135803	Marc Webb						
1150256	Marina Chavez						
1135772	Mark Kohr						
1766569	Mary Faber						
1766567	Michael Esper						
1875245	Michael Mastrangelo						
1875239	Michael Slosar						
1766576	Miguel Cervantes						
1006616	Mike						
1038787	Mike Dirnt						
1159506	Mike Dy						
1875216	Mike Manning						
1283411	Mike Pelino						
1003603	MIKE SHIPLEY						
1180069	Neil King						
1875219	Nick Tresko						
1283409	Olivier Neaune						
1766582	Omar Lopez-Cepero						
1875237	OnPoint						
1164039	Pat Magnarella						
1184606	Pat Magnarella for Atlas/Third Rail Management						
1235032	Peter Standish						
1766518	Rachel Turner Houk						
1473752	Randy Cohen						
1135781	Raub Shapiro						
1766570	Rebecca Naomi Jones						
1195836	Rene Weis						
1351816	renee fares						
1109167	Reto Peter						
1229117	Richard Ash						
1012209	Richard Dodd						
1160185	Richard Huredia						
1012205	Rob Cavallo						
1173694	Robert Vosgien						
1135787	Roman Coppola						
1204737	Ron Blake						
1283479	RSA USA/Black Dog Films						
1875244	Ryan Cooke						
1280196	Samuel Bayer						
1875251	Satoru						
1875218	Sergio Almonte						
1094984	Shari Sutcliffe						
1033502	Shinya						
1766568	Stark Sands						
1605456	Steve Baltin						
1135788	Steve Fredriksz						
1084982	Steve Hall						
1005372	STEVE HOLROYD						
1875247	Tammy Berg						
1074080	Ted Jensen						
1766585	Theo Stockman						
1004577	TIM JAMES						
1183578	Tim Lynch						
1283478	Tim Royes						
1045153	TINA SILVEY						
1230981	Tom Kitt						
1159197	Tom Whalley						
1875250	Tomokazu						
1179122	Tone						
1766571	Tony Vincent						
1148385	Tre Cool						
1283410	Tr√© Cool						
1766519	Trey Files						
1766578	Van Hughes						
1184610	Wes Seidman						
1319569	Wesley Seidman						
1184614	Willie Samuels						
